message,label
giáo viên đúng giờ nhưng họ cũng nên cung cấp cho chúng tôi một số kiến thức thực tế ngoài lý thuyết,0
 Tốt,1
Các bài giảng xuất sắc được giảng dạy bởi các giáo viên và tất cả các giáo viên đều rất đúng giờ.,1
Tốt,1
giáo viên cung cấp cho chúng tôi tất cả các thông tin cần thiết để cải thiện hiệu suất.,1
Đúng,1
tốt và đúng giờ,1
Nó tốt,1
Tốt,1
Tốt,1
Thật tốt khi so sánh với các bài giảng và hoạt động giảng dạy Btech của tôi.,1
Tốt,1
cách dạy thì tốt,1
" Việc giảng dạy ở trường đại học ở đây phụ thuộc rất nhiều vào các slide, mặc dù đây là một cách giảng dạy dễ dàng nhưng vẫn khiến một số khái niệm không rõ ràng..nếu không thì sự tương tác với giảng viên là tốt. Việc giảng dạy đôi khi không đạt yêu cầu và đúng giờ vẫn ổn.",0
Tốt,1
 Tốt,1
"So với các trường cao đẳng và đại học khác, trường đại học của chúng tôi hoàn hảo về mọi mặt",1
Tốt,1
Các bài giảng giúp làm rõ khái niệm của chúng tôi,1
"Nói về đúng giờ thì tốt nhưng cách giảng bài không được đánh giá cao vì mỗi giáo viên có phong cách giảng dạy khác nhau nên thiếu kiến thức về chủ đề và tương tác cũng hơi nhàm chán. Một giáo viên cũng nên có tính giải trí nhưng thực sự thì không phải vậy. Tất cả những gì họ muốn chúng tôi trở thành những studio và có kỷ luật, điều này thực sự không phải là suy nghĩ của mọi học sinh.",0
"Trường đại học rất giỏi trong việc cung cấp các bài giảng phù hợp, đồng thời sự tương tác với sinh viên cũng giảm sút. Đôi khi giáo viên thiếu tính đúng giờ nhưng nhìn chung trường đại học đang cung cấp thông tin đầu vào tốt.",1
Tốt,1
Tốt,1
giảng viên đúng giờ và có thể tương tác với họ một cách dễ dàng.,1
Tốt,1
Tốt,1
Đúng giờ là tốt. Hầu hết các giáo viên không tương tác với học sinh.,0
Tốt,1
Đẹp,1
bài giảng chưa được tốt lắm,-1
nó tốt,1
"Kỷ luật, đúng giờ, giảng bài đều tốt nhưng hv phải làm một số việc để đảm bảo chất lượng bài giảng",1
"Tương tác rất tốt, tài liệu bổ sung được cung cấp chính xác nhưng đề xuất sách rất kém, việc thay đổi giáo viên cụ thể sau 3 tháng hoặc một học kỳ của cùng một môn học gây ra vấn đề",0
Hoàn hảo,1
Nó thực sự tuyệt vời,1
Giảng dạy và quản lý rất tốt nhưng quá tải đối với sinh viên và thời gian làm việc,0
"về mặt trình bày bài giảng thì tốt. Về mặt đúng giờ thì cũng tốt nhưng về mặt hấp dẫn thì rất tệ. Có một số giáo viên họ không tương tác và không giải quyết các vấn đề của chúng tôi, điều đó có nghĩa là họ không tương tác.",-1
 Theo tôi mọi thứ đều diễn ra tốt đẹp theo sự tương tác. Phục vụ quá đủ.,1
Giảng dạy và quản lý rất tốt nhưng quá tải đối với sinh viên và thời gian làm việc,0
không hiệu quả và thỏa đáng về mặt giảng dạy của tất cả các giảng viên.,-1
Tốt,1
Tốt,1
Chính xác,1
nó tốt,1
Tốt,1
nó tốt tùy thuộc vào khoa,1
"duy trì đúng giờ, giảng dạy tốt",1
trung bình,0
trung bình,0
Tốt,1
Tốt,1
Tốt,1
Tốt,1
trung bình,0
Tốt,1
"nó khá tốt, tùy thuộc vào giáo viên và kinh nghiệm của họ",1
"nó khá tốt, phụ thuộc vào giáo viên và kinh nghiệm của họ",1
cách giảng dạy tốt nhưng thời gian quá đủ,1
giảng dạy tốt,1
"tốt, giáo viên đang giảng bài theo cách tốt nhất có thể",1
giáo viên giỏi và có trình độ nhưng ít tương tác với học sinh và không mô tả được chủ đề,0
trung bình,0
"cơ sở vật chất giảng dạy rất tốt, bài giảng hiệu quả và giáo viên đúng giờ",1
Tương tác tốt nhưng không phải với hầu hết các giảng viên nam. Mọi người đều duy trì đúng giờ nhưng chất lượng bài giảng không đạt mức cao nhất.,0
mọi thứ đều tốt,1
mọi thứ đều tốt,1
mọi hoạt động đều tốt,1
mọi hoạt động đều tốt,1
Tốt,1
Mọi thứ đều tốt. không có trường đại học nào nghiêm túc đến thế về khái niệm thực hành.,1
"bài giảng phụ thuộc vào kiến thức của giáo viên, đúng giờ là tốt",1
Tốt,1
cách giảng dạy ở mức trung bình,1
không tốt lắm,-1
trung bình,0
Tốt,1
nhân viên tương tác quảng cáo rất đúng giờ và khuyến khích học viên tham gia lớp học,1
"nhân viên và giảng viên luôn sẵn sàng tương tác, rất đúng giờ và việc giảng dạy có thể được cải thiện",1
giao hàng tốt,1
Tốt,1
"trường đại học của chúng tôi rất tốt về phương pháp giảng dạy, tương tác và đúng giờ",1
Tốt,1
rất tốt,1
Tốt,1
"tương tác hài lòng, bài giảng tốt, luôn đúng giờ",1
Tuyệt vời nhưng nó phụ thuộc vào giáo viên,1
Tốt,1
Tốt,1
Tốt,1
Tốt,1
Tốt,1
Tốt,1
 rất tốt.,1
không sao,1
một số giáo viên không làm tốt công việc của mình,-1
"Một số giáo viên không có nhiều kinh nghiệm nhưng họ có tính tương tác, hữu ích và đúng giờ.",1
không phải tất cả giáo viên đều dạy tốt nhưng cũng ổn,0
XUẤT SẮC,1
"Khoa tốt, tương tác giữa học sinh và giáo viên cũng tốt",1
không tốt,-1
Tốt,1
Tốt,1
"một số giảng viên của chúng tôi không có nhiều kinh nghiệm, đó là lý do tại sao hầu hết chúng tôi đều phải đối mặt với các vấn đề về các môn học như CSE(c++)",-1
Tốt,1
 nó tốt,1
 Mọi thứ đều tốt,1
" Mọi thứ đều tốt nhưng khi đến một số bài giảng không nắm rõ chủ đề, họ cư xử không tốt với học sinh và thậm chí không dạy hết các khái niệm trong môn học.",-1
xuất sắc,1
Ở trường đại học mọi thứ đều tốt nhưng một số giảng viên không nắm vững môn học và tụt hậu trong việc giảng dạy,0
Bình thường,0
Tốt,1
Tốt,1
hoạt động giảng dạy của trường đại học của chúng tôi là tốt. tôi hài lòng với nó,1
TỐT,1
mọi thứ đều tốt cho giảng viên,1
thỏa đáng,1
TỐT,1
Tất cả đều tốt,1
tốt nhưng không tốt. thưa ngài cải thiện chủ đề,0
"Đại học thì tốt nhưng chặng đường phía trước còn dài. Cần có thêm nhiều giáo viên có bằng tiến sĩ và các lễ hội đại học liên quan đến chương trình học thuật phải được cải thiện ở mức độ lớn và phải được quản lý hợp lý. Tương tác tốt, cách trình bày bài giảng cần rõ ràng hơn. Sự đúng giờ là đỉnh cao.",0
"trường đại học của chúng tôi rất tốt về việc đúng giờ, giảng bài nhưng lại không tốt về mặt tương tác",1
trung bình,0
"tương tác rất ít, khi giảng bài thì ổn nhưng không có sự phối hợp giữa các giảng viên",-1
Tốt,1
Tất cả các bài giảng đều cố gắng hết sức để giảng dạy cho học viên,1
 trường đại học của chúng tôi rất tốt nhưng về mặt tương tác giữa giáo viên và học sinh thì không công bằng chút nào vì họ tương tác với nhau và chỉ có học sinh mới hiểu bài giảng của họ mà họ không bắt những học sinh còn lại hiểu chủ đề,-1
"Trường đại học này bao gồm cả một thế giới. Nó rất đa dạng và quản lý để tiến hành tất cả các sự kiện một cách đúng đắn. Tôi thích trở thành một phần của trường đại học này, nơi chúng ta có được sự bình đẳng và mọi cơ hội trong mọi khía cạnh và lĩnh vực.",1
"giáo viên có tính tương tác khá cao, nhưng tất cả phụ thuộc vào việc học sinh có thể tiếp thu được nhiều kiến thức nhất có thể từ giáo viên hay không. Giáo viên luôn đúng giờ và rất hữu ích trong thời gian thi.",1
giảng dạy là tốt. Nhưng tốt hơn là nên giảm tốc độ giảng bài để hiểu học sinh hơn,0
" đánh giá tổng thể về hoạt động này là 4,5/5. Cách giảng dạy và tương tác rất tốt giữa sinh viên và bài giảng rất tốt, mỗi lần giảng bài sẽ có phong cách mới mẻ và mới mẻ, cảm ơn.",1
"xuất sắc, nhưng giảm tốc độ giảng dạy để hiểu học sinh",0
"giảng dạy thì ổn nhưng sự tương tác với học sinh cần phải cải thiện, ý tôi là họ phải tập trung vào những học sinh đần độn hơn là những học sinh thông minh....",0
Tương tác tốt nhưng cần phải nhiều hơn nữa ...nghỉ ngơi thì quá hoàn hảo,1
giáo viên giỏi môn học và đúng giờ,1
Mọi thứ sẽ ổn nếu số lượng sinh viên trong btech CSE của chúng tôi ít hơn.,0
 Tốt,1
Các khoa đang làm khá tốt nhưng cần nhiều giảng viên cao cấp hơn.,0
thỏa mãn,1
" Khoa thi chưa tốt, giảng dạy khá tốt, không có thời gian để học thêm, tương tác tốt",1
Tốt và Tốt,1
Tốt,1
Tốt,1
quản lý đại học rất xuất sắc nhưng một số giảng viên rất tệ,0
Tốt,1
Tốt,1
Tốt,1
"một số bài giảng rất xuất sắc, nhưng không phải tất cả mọi người",0
Học tập ở trường đại học này rất tốt,1
nó nhàm chán,0
Tốt,1
Tốt,1
giảng dạy tốt nhưng một số giảng viên đang thể hiện sự thiên vị giữa người miền Nam và người miền Bắc,0
xuất sắc,1
" giảng dạy tốt nhưng một số giáo viên chưa tương tác tốt và không thể hiểu rõ các khái niệm, giáo viên dạy đúng giờ.",0
Tốt,1
"Mọi thứ đều rất tốt. Phần tương tác là phần giống như giáo viên chủ yếu tương tác với từng học sinh, việc giảng dạy rất tốt và luôn duy trì đúng giờ.",1
Tốt,1
"Tôi rất hài lòng với cách giảng dạy của giảng viên về tính lặp lại, trình bày bài giảng, đúng giờ, v.v.",1
họ đang thể hiện sự thiên vị giữa người Ấn Độ Bắc và người Ấn Độ Nam,-1
Tốt,1
" Tương tác hài lòng, Bài giảng tốt, Đúng giờ là Tuyệt vời",1
 nhân viên đang thể hiện sự thiên vị giữa người Ấn Độ Bắc và người Ấn Độ Nam,-1
"trường đại học xuất sắc, phương thức giảng dạy hoàn toàn khác biệt so với bất kỳ trường đại học nào khác ở Ấn Độ. giảng viên rất thân thiện với mọi người mà họ tương tác giống như những người bạn và họ rất đúng giờ",1
giảng dạy đúng giờ và giảng dạy tốt nhưng sự tương tác với sinh viên chưa tốt.,0
ở đây đúng giờ và bài giảng tốt nhưng sự tương tác không tốt.,0
đủ tốt,1
" Ở trường đại học này có sự tương tác tốt với sinh viên, Giáo viên ở trường đại học này có thể giảng bài một cách hiệu quả, Trường đại học này rất đúng giờ",1
 Thực sự rất tốt.,1
Giảng dạy rất xuất sắc nhưng việc giảng dạy không đạt yêu cầu. Đúng giờ là tốt,1
sự tương tác của một số giảng viên là tốt nhưng không phải tất cả các giảng viên..,0
"tốt, và cũng thích phong cách giảng dạy",1
" Tương tác giữa học sinh và giáo viên tốt, bài giảng tốt, đúng giờ",1
không tệ,1
Nó khá tốt,1
thực sự rất tốt,1
không tệ..,1
giảng dạy tốt một số giảng viên đang thể hiện sự thiên vị giữa người miền Nam và người miền Bắc,0
TÔI LÀ HỌC SINH TRƯỜNG NỘI THẤT.....(jnv) TÔI ĐÃ HỌC 7 NĂM Ở ĐÓ Ở TRONG KÝ TÚC ..BÂY GIỜ SỐNG Ở LPU CŨNG NHƯ VẬY.. VÀ VẪN CŨNG HƠN NỮA VÀ ĐÚNG GIỜ ĐƯỢC HIỂN THỊ TẠI ĐÂY BỞI CẢ GIÁO VIÊN VÀ HỌC SINH...VÀ NHÂN VIÊN CŨNG CŨNG BỞI NHÂN VIÊN.. AN NINH TRÊN 90% (TRƯỜNG HỢP HỌC VIÊN ĐƯỢC GIẢI QUYẾT TỐT) ....LỚP HỌC THƯỜNG XUYÊN .... THỂ THAO HÀNG NGÀY..... THAM GIA TỐT/..... ..CHẤT LƯỢNG DƯỚI TRUNG BÌNH,0
Mọi điều khoản đều tốt liên quan đến hoạt động của trường đại học,1
TỐT,1
sự lôi cuốn tốt và cách trình bày bài giảng cũng tốt và sự đúng giờ cũng tốt,1
 tất cả các điều khoản nhất định đều tốt về trường đại học,1
Tất cả các điều khoản đều tốt liên quan đến các hoạt động của trường đại học.,1
" Một số giáo viên chưa có kinh nghiệm. Ngoài ra, họ không công bằng và bị lừa dối. Trên thực tế, nhiều giáo viên có ít hoặc không có kinh nghiệm về môn học này",-1
NÓ TỐT TỐT,1
nội dung các khóa học ở mức trung bình,0
Không tốt,-1
Tất cả tài liệu của khóa học đều cung cấp kiến thức rất tốt và có chiều sâu.,1
"Nội dung khóa học hoàn toàn phù hợp với triết lý giảng dạy đang được duy trì ở đây tức là học nhồi nhét, học vẹt.",-1
nội dung của các khóa học nâng cao kiến thức của tôi,1
Đúng,1
Tốt,1
 Trường đại học học kỳ này đã cung cấp những giáo viên giỏi nhất,1
Cần một số cải tiến,-1
Cần một số cải tiến,-1
Kiến thức và chiều sâu của khóa học là tốt nhưng khi xem xét tài liệu thì nó chưa đạt yêu cầu.,0
"Kiến thức, chiều sâu tất nhiên là tốt nhưng tài liệu khóa học chưa đạt yêu cầu",0
 nội dung khóa học có kiến thức,1
 Nội dung của các khóa học là tốt nhưng một số khóa học cần cải thiện. Tài liệu khóa học không đạt yêu cầu.,-1
Tốt,1
Rất tốt,1
 Tài liệu của khóa học không đủ tốt,-1
đôi khi tài liệu khóa học thích hợp là không cần thiết.,-1
Tài liệu khóa học dễ dàng có sẵn và có đủ kiến thức,1
"Các tài liệu hoặc liên kết được cung cấp cho mục đích học tập đều tốt, rõ ràng về chiều sâu của các khóa học nhưng một lần nữa, nó cũng có sự khác biệt giữa các giáo viên.",1
Các ghi chú của khóa học rất am hiểu và phù hợp.,1
Tốt,1
Tốt,1
nội dung của các khóa học được cập nhật và chủ yếu dựa trên công nghệ hiện tại.,1
Cần một số cải tiến,-1
Tốt,1
Giáo viên không đưa ra chiều sâu của khóa học. Họ cố gắng che đậy công việc ở đó mà thôi.,-1
Tốt,1
Tốt,1
mọi thứ đều ổn,1
Thật đáng trân trọng,1
Thỏa mãn,1
Những cuốn sách được đề xuất không có nội dung phù hợp; dẫn học sinh dựa vào slide do giáo viên đưa ra. Do đó kiến thức vẫn còn hời hợt,-1
Tuyệt vời,1
Nó phù hợp,1
 Khóa học rất hay và hữu ích,1
nó tốt,1
 Mọi thứ đều ổn. Mọi thứ đều được dạy chuyên sâu. Ngay cả một điểm cũng đủ để hiểu.,1
 Khóa học rất hay và hữu ích,1
nội dung đủ tốt,1
Tốt,1
Tốt,1
Chính xác,1
Chính xác,1
Hoàn hảo,1
tài liệu được cung cấp rất hữu ích và cung cấp nhiều kiến thức,1
đầy đủ kiến thức,1
Tốt,1
Tốt,1
kế hoạch tốt,1
Tốt,1
Tốt,1
Được rồi,1
Tốt,1
trung bình,0
nội dung rất dễ hiểu và cung cấp cho chúng ta kiến thức khổng lồ về mọi chủ đề,1
"nội dung là đủ, chúng tôi không cần nhiều hơn nữa.",1
nội dung chất lượng tốt nhưng một số giáo viên không tải ppt đúng hạn,0
nội dung khóa học tốt,1
nội dung của khóa học là kiến thức,1
các môn học phù hợp nhưng cần có chiều sâu vì giáo trình chỉ bao gồm những điều cơ bản chứ không phải chi tiết,0
Tốt,1
một số khóa học không liên quan vì chúng không liên quan đến luồng của tôi.,-1
có nhiều khóa học không liên quan đến ngành. một số chủ đề không được đề cập. Không có tài liệu phù hợp cho bất kỳ khóa học nào,-1
không tệ lắm,1
không tệ lắm,1
tài liệu khóa học là hoàn hảo,1
không tệ,1
Tốt,1
"IP được cung cấp cho sinh viên, điều này rất hữu ích cho sinh viên.",1
độ sâu của khóa học là ít hơn mặt khác kiến thức và tài liệu là tốt,0
Tốt,1
nội dung không cung cấp kiến thức sâu sắc,-1
trung bình,0
đôi khi nó không phù hợp với các khóa học đang diễn ra.,-1
trung bình (trong một học kỳ chỉ nên có hai môn học chính dựa trên số),0
một số trong số chúng rất hữu ích và có kiến thức và một số chỉ mang tính hình thức,0
"rất am hiểu, một số môn không có tài liệu chuyên dụng như sách có sẵn",0
nội dung tối ưu,1
Tốt,1
rất tốt,1
Tốt,1
rất tốt,1
nó không phù hợp,-1
Tài liệu khóa học phù hợp và có kiến thức hài lòng,1
"Tốt, nhưng mỗi học kỳ phải có ít nhất một môn thực hành",1
Đúng,1
Tốt,1
Tốt,1
Tốt,1
Tốt,1
Tốt,1
 Tốt.,1
nó không sâu lắm,-1
nội dung khóa học rất phù hợp với các khóa học của chúng tôi,1
Cấu trúc khóa học tốt và theo công nghệ ngày nay. Một số phần chủ đề quá rộng và khó có thể trình bày trong 1 học kỳ,0
Tốt,1
TỐT,1
 nội dung khóa học tốt,1
giáo trình không mắc nợ,-1
Xuất sắc,1
Rất tốt,1
"theo các khóa học, tất cả các phụ đều cung cấp kiến thức có giá trị",1
rất tốt,1
Tôi không biết,0
về các khóa học mọi thứ đều tốt,1
"đến với các khóa học, chúng được lên kế hoạch rất kỹ lưỡng... và tất cả phụ thuộc vào các bài giảng.",1
Tốt,1
Tốt,1
Tốt,1
Tốt,1
đến mức,1
Nó rất tốt.,1
TỐT,1
xuất sắc,1
nội dung tất nhiên là phong phú nhưng chiều sâu phải nhiều hơn,0
KHÓA HỌC TỐT KHÔNG CÓ TÀI LIỆU KHÓA HỌC ĐÚNG,0
xuất sắc,1
Tốt,1
Nội dung các khóa học nên thay đổi một chút. Phải triển khai thêm nhiều tính năng định hướng ngành như Linux và GitHub. Cần phải có kiến thức nâng cao và chi tiết phù hợp và phải được truyền đạt cho sinh viên. Tài liệu khóa học rất tốt.,-1
"tốt, nó có kiến thức, độ sâu của khóa học tốt, nhưng có tài liệu khóa học phù hợp chỉ dành cho một số môn học",1
trung bình,0
Tốt,1
Tốt,1
Xuất sắc,1
rất tốt và bạn cũng có thể tăng tiêu chuẩn của Khóa học,1
Các khóa học hiện có trong trường đại học đều có phạm vi và việc giảng dạy các khóa học này tiếp tục với quan điểm mang lại lợi ích tốt nhất cho sinh viên bằng cách cho họ tham gia các hoạt động và dự án khác nhau.,1
nội dung tất nhiên là quá đủ để có được những kiến thức cơ bản về chủ đề cụ thể đó.,1
các khóa học cũng tốt. Nhưng các môn học trong khoa cse ở năm thứ nhất có vẻ như là gánh nặng đối với chúng tôi,0
 đánh giá của tôi ở đây là 4/5,1
"tốt, họ làm việc rất chăm chỉ vì chúng ta",0
Tốt,1
giáo trình cần nhiều thời gian hơn..cần ít thời gian hơn để học sinh có thể tập trung thích hợp vào việc tiếp thu kiến thức thay vì chỉ ôn lại giáo trình tốt,-1
Tốt,1
"khi so sánh với các trường đại học khác, chúng tôi cần tài liệu và khả năng tiếp cận tốt hơn.",-1
Tốt,1
nội dung của khóa học nên được tăng lên theo chiều sâu.,-1
nội dung do bạn cung cấp rất tuyệt vời để chúng tôi ngày càng học được nhiều hơn về chủ đề cụ thể đó,1
nội dung tất nhiên là phù hợp,1
Nội dung tất nhiên phải được tăng theo chiều sâu,-1
Tốt,1
Tốt,1
"Theo quan điểm của tôi, giáo trình của chúng tôi có rất ít nội dung..sẽ tốt hơn nếu có nhiều giáo trình và chiều sâu hơn trong giáo trình của chúng tôi",-1
một số giảng viên không tải lên ppts,-1
Được rồi,1
Tốt,1
xuất sắc,1
thật tốt khi học những khóa học này,1
nó rất khó và rất khó hiểu,-1
Đẹp,1
"vâng! à, một số giảng viên giảng dạy không tốt nhưng lịch trình của trường đại học rất tuyệt vời ... và trường đại học đã yêu cầu chúng tôi phản hồi. Điều đó thực sự hữu ích",0
Tốt,1
Nội dung của các khóa học tốt nhưng độ sâu của khóa học không đủ để có được những khái niệm tốt.,0
 nội dung là đủ cho chúng tôi,1
xuất sắc,1
"Nội dung của các khóa học rất tốt, những người này rất am hiểu, tất nhiên cũng có chiều sâu nhưng đôi khi không có tài liệu khóa học phù hợp.",0
Tốt,1
"Tôi thích các lớp học giao tiếp, các khóa học rất tốt",1
họ đang cung cấp kiến thức tốt cho chúng tôi,1
Xuất sắc,1
" Kiến thức là Tốt, Độ sâu tất nhiên là vừa ý, tài liệu khóa học phù hợp cũng tốt",1
nó tốt,1
mọi thứ đều tốt môn học có chiều sâu rất tốt hầu như tất cả sách đều có trong thư viện và hơn thế nữa 4/5,1
Tốt,1
Nó đẹp .,1
 không tốt,-1
 Tài liệu được cung cấp tại trường đại học này tất nhiên là có chiều sâu. Các khóa học ở trường đại học này có kiến thức sâu rộng,1
Độ sâu tất nhiên là rất sâu. Theo tôi nó rất cần thiết,1
"Một số môn học hay, dự đoán được. Các môn còn lại chưa đạt yêu cầu",0
độ sâu của khóa học là tốt ....cung cấp kiến thức cơ bản không quá sâu về các môn học....ít nhất họ nên cung cấp kiến thức sâu sắc và giáo trình ở các môn học chính...,0
Mình rất thích điều này vì mỗi chủ đề đều gắn liền với tình huống thực tế cuộc sống và mọi thứ trong chủ đề đều được sử dụng đầy đủ.,1
" Độ sâu của khóa học phụ thuộc vào mức độ tiếp nhận của sinh viên, tài liệu khóa học sẽ được cung cấp sau giờ học tại UMS",0
Tốt,1
 Khá tốt,1
Tốt,1
không đủ tốt.. chúng tôi muốn một cái gì đó nhiều hơn nữa.,-1
Tốt,1
THỜI GIAN HỌC HƠN ...Ít thời gian làm bài...ÍT THỜI GIAN CHO MỌI ĐIỀU .... KIẾN THỨC ÍT HƠN..... KHÓA HỌC ÍT HƠN ... NHƯNG TÀI LIỆU PHÙ HỢP THEO BÀI THI,-1
Kiến thức đạt được tối đa khi đọc sách và giáo viên cũng giải thích sâu nếu chúng ta muốn biết về nó.,0
PHẢI CẢI THIỆN,-1
Tất nhiên mọi người đều có thể nói được chiều sâu nhưng một số người chỉ đưa ra ghi chú,0
 chúng ta đang có được kiến thức tối đa,1
Kiến thức được thu thập tối đa bằng cách đọc sách và giáo viên cũng giải thích sâu về khái niệm này.,1
Không sao nhưng nên tập trung nhiều hơn vào kiến thức thực tế hơn là dựa trên nội dung. Nó sẽ hữu ích cho chúng tôi.,0
PHẢI CẢI THIỆN,-1
mô hình kiểm tra là tốt,1
Tốt,1
"Mô hình bài kiểm tra đạt điểm cao và Cgpa phụ thuộc vào các cách phân bổ điểm khác nhau như ca, mte, v.v., điều này rất đẹp so với các tổ chức khác. Việc kiểm tra giấy không phụ thuộc vào độ dài của câu hỏi mà phụ thuộc vào chất liệu, phần tốt nhất của nó.",1
"Một lần nữa, trường đại học kiểm tra khả năng ghi nhớ của sinh viên. Các câu hỏi nên nhấn mạnh nhiều hơn vào các khái niệm hơn là kiểm tra kho chứa kiến thức nhồi nhét của bộ não.",-1
mô hình kiểm tra là tốt,1
Đúng,1
Tốt,1
Tôi thích mẫu câu hỏi,1
Tốt,1
Tốt,1
" Trường đại học này tốt hơn nhiều so với các trường đại học khác khi đến với hình thức thi, điểm xáo trộn và khi đến bài kiểm tra không có sự sửa sai thiên vị nào bằng tất cả.",1
Tuyệt,1
hình thức thi tốt và kiểm tra giấy tốt.,1
Hình thức và quy trình thi rất tốt. Kiểm tra giấy cần phải được cải thiện.,0
Tốt,1
 Xuất sắc,1
Tốt,1
Tốt,1
Phân bổ điểm tốt Học sinh có thể dễ dàng kiểm tra kết quả học tập trong suốt học kỳ,1
"Hình thức thi và cách tiến hành có vẻ tốt nhưng đây là năm đầu tiên của tôi và khi tôi đi khảo sát lần đầu tiên thì nó không như mong đợi của tôi. Giáo viên đã đánh dấu các câu trả lời theo sự lựa chọn của họ, họ phải tìm kiếm nội dung hơn là độ dài của câu trả lời. Vì vậy, việc kiểm tra giấy tờ kém là có.",0
Hạ xuống.,1
Xuất sắc,1
Xuất sắc,1
hình thức thi và phân phối điểm là thủ tục rất tốt,1
Tốt,1
Trung bình,0
Nó là thỏa đáng.,1
Tốt,1
không tốt lắm,-1
tất cả đều tốt,1
Không tốt lắm Học sinh học rất chăm chỉ Nhưng kết quả không như ý,-1
Tất cả đều tốt ngoại trừ việc kiểm tra giấy tờ. Nó nên được cải thiện,0
Nhìn chung tất cả những điều này đều là điểm cộng của trường,1
Không tệ,1
Nó rất vui,1
Mô hình thi tốt nhưng cách phân phối điểm rất khó hiểu,0
"Hình thức thi tốt, phân bổ điểm cũng tốt bt việc kiểm tra giấy tờ rất chặt chẽ.",1
 Mọi thứ đều ổn.,1
Mô hình thi tốt nhưng cách phân phối điểm rất khó hiểu,0
 thỏa đáng,1
Tốt,1
Tốt,1
Rất tốt,1
Rất tốt,1
Chính xác,1
nó không quá tốt cũng không quá tệ,0
hình thức thi tốt và kiểm tra giấy tốt.,1
 Xuất sắc,1
Tốt,1
Tốt,1
Tốt,1
Tốt,1
Tốt,1
Tốt,1
 Xuất sắc,1
"hình thức thi, điểm, kiểm tra giấy tốt.",1
"kiểm tra quá nhiều, chúng tôi nản lòng",-1
quá nhiều bài kiểm tra,0
trung bình,0
kiểm tra bao gồm cả mô hình bài kiểm tra là tốt theo một số cách. MCQ nên được cung cấp cho học sinh để chuẩn bị cho kỳ thi.,1
mức độ kiểm tra phải được nâng lên. Phải đưa vào các câu hỏi có lý luận,-1
Được rồi,1
sơ đồ đánh dấu công bằng và mô hình thích ứng,1
hình thức kiểm tra tốt nhưng việc kiểm tra giấy tờ không hề diễn ra tốt đẹp.,0
không nên có dấu tiêu cực,-1
mọi thứ đều tốt,1
không nên có dấu tiêu cực,-1
không nên có dấu tiêu cực,-1
không tệ,1
Mọi thứ đều tốt .,1
"Tôi thích nó, tôi hài lòng với tất cả những công việc này",1
Tốt,1
 xuất sắc,1
khá tốt,1
Tốt,1
rất nghèo,-1
mẫu bài thi tốt và kiểm tra giấy tốt nhưng việc kiểm tra giấy có thể được cải thiện,1
"hình thức thi tốt, phân phối điểm rất tốt và việc kiểm tra bài viết khác nhau tùy theo từng khoa.",1
tất cả tuyệt vời,1
Tốt,1
 Xuất sắc,1
Tốt,1
Tốt,1
Phân bổ điểm tốt nhưng kiểm tra giấy tờ không tốt,0
thỏa mãn,1
Xuất sắc,1
Tốt,1
Tốt,1
Rất khó khăn,-1
Tốt,1
Xuất sắc,1
Tốt,1
Tốt.,1
nó tốt,1
xấu,-1
Mẫu bài thi tốt nhưng đôi khi điểm kiểm tra giấy mcq không chính xác.,0
rất nghiêm khắc,-1
Đó là một cách tốt trong mô hình,1
Tốt,1
Tốt,1
Không tốt,-1
Rất tốt,1
"Theo hình thức thi, bài thi môn toán luôn phải mang tính chủ quan hơn là khách quan.",-1
tất cả đều tốt,1
" Điều rất tệ là không gieo câu trả lời của mcQ trong bài thi, chúng tôi không đánh giá được đâu là sự đúng đắn và rộng rãi ở đâu mak mistacvk",-1
đến kỳ thi thì tốt,1
"Ở CA, nó nằm trong tay các bài giảng... trong khi ở mte và ete thì tốt.",0
 mình nghĩ mid trem cũng nên chủ quan,0
mô hình thi và phân phối điểm tốt,1
Tốt,1
rất tốt,1
Tốt,1
Hình thức thi và phân bổ điểm tất cả các học kỳ đều tốt. Ca và MTE cũng tạo cơ hội cho học sinh tiến bộ.,1
TỐT,1
trong các kỳ thi hãy cố gắng đưa ra các câu hỏi,0
rất tốt,1
TỐT VÀ NGHIÊM TÚC,1
 không tốt lắm,-1
tiến hành bài thi rất tốt nhưng việc sửa bài lại rất tệ,0
Mô hình kiểm tra là tốt. Nhiều câu hỏi chủ quan và dựa trên logic sẽ được đặt ra dựa trên việc học về khái niệm. Việc kiểm tra giấy tờ phải được thực hiện một cách sáng suốt hơn vì có nhiều nghi ngờ nảy sinh khi kiểm tra tờ OMR.,0
tất cả những điều này đều tốt,1
mẫu kiểm tra tốt nhất là ở lpu.,1
nên tăng tỷ lệ phần trăm giữa kỳ để học sinh có nhiều lựa chọn hơn để thành công trong các kỳ thi,0
rất tốt,1
Tốt,1
 Tốt,1
"Hệ thống thi cử của trường rất ấn tượng. Sơ đồ chỗ ngồi của sinh viên được tổ chức sao cho không có 2 sinh viên cùng lớp thi trong cùng một phòng hoặc thậm chí có khi cùng dãy nhà. Thông qua đó, sinh viên còn được làm quen và tham quan các khối khác nhau của trường đại học. Việc kiểm tra cũng công bằng.",1
Mọi thứ được tổ chức khá tốt,1
 Tốt,1
rất tốt 5/5,1
Tốt,1
"đối với một số môn học như toán và tiếng Anh (viết đoạn văn), thời lượng sẽ tăng lên",-1
" Mô hình tốt ...phân bổ điểm bao gồm ca,mt,et,nd, tất cả những điều đó hơi phức tạp",0
Tốt,1
mọi thứ đều ổn.,1
Tốt,1
Có lẽ phần hay nhất của trường đại học là kỳ thi và mô hình của nó.,1
"Tôi chưa bao giờ thấy kiểu kiểm tra này,,,,,,,mẫu rất TỐT",1
" Việc kiểm tra ở đây thật tệ, không biết tại sao tôi lại bị điểm thấp ngay cả khi sai 4 câu. Đáp án đề thi vô lý, hệ thống sai lệch không thuận lợi, đáp án đề thi sai, omr nên up lên",-1
Tốt nhất là,1
Tốt,1
Tốt,1
"Mô hình kiểm tra tốt nhưng có một lỗi sai. Đó là chúng tôi không có phương án thay thế để kiểm tra lỗi mà chúng tôi đã làm hơn nữa, không có câu hỏi nào cũng không được đưa ra để thảo luận. Vì vậy, tôi đề nghị..cung cấp tùy chọn để kiểm tra lỗi trong MCQ các kỳ thi như giữa kỳ.",-1
Tốt,1
Được rồi,1
Tốt,1
xuất sắc,1
thời gian không đủ,-1
Tốt,1
mô hình thi tốt,1
xuất sắc!!!,1
mọi thứ đều tuyệt vời nhưng việc kiểm tra giấy tờ không tốt,0
Chúng tôi không nhận được đáp án và thậm chí cả các câu hỏi cho kỳ thi mcq của mình. Cần có một số cách để chúng tôi có thể kiểm tra lại câu trả lời của mình và biết mình đã mắc phải những lỗi gì.,-1
 Mẫu đề thi rất đẹp nhưng việc kiểm tra giấy chưa tốt chút nào.,0
Tốt,1
Cách thức thi và phân bổ điểm rất tốt nhưng đôi khi vẫn mắc một số lỗi khi kiểm tra bài.,0
Tốt,1
 mẫu đề thi rất hay nhưng nếu bạn đưa đề thi cho học sinh thì rất hữu ích,0
thế tốt hơn rồi,1
Xuất sắc,1
" Hình thức thi Rất tốt, chấm điểm tốt nhưng đôi khi gây thất vọng, kiểm tra bài OK",1
ừ rõ ràng là nó tốt,1
"Mô hình bài thi hoàn toàn khác Toàn bộ bài thi đều mang tính khách quan, phục hồi nền giáo dục ở nước ngoài. Bài đánh giá của tôi là 5/5",1
mọi thứ đã tốt.,1
Mọi thứ đều tốt.,1
 tuyệt vời nhưng quy trình kiểm tra không thể loại trừ vì chúng tôi không nhận ra lỗi của mình trong thời gian giữa kỳ..,0
" Đề thi xuất sắc, việc kiểm tra bài thi ở trường đại học này rất dễ dàng",1
Tôi không thích hệ thống đánh dấu -ve. ngoài ra mọi thứ đều tuyệt vời,0
"Dự kiến trả lại đề thi sau kỳ thi,vì để làm sáng tỏ những nghi ngờ liên quan đến các môn học cụ thể",-1
mô hình kiểm tra là tuyệt vời,1
Tốt,1
" Các kỳ thi được tiến hành trên cơ sở các chương đã được sửa đổi cho đến thời điểm đó, việc phân phối điểm phù hợp, kiểm tra giấy tốt",1
giấy tờ rất cứng và giấy tờ khái niệm chính,0
 Tốt,1
 Không tốt lắm,-1
chỉnh sửa giấy nghiêm ngặt.,-1
siêu nhưng kiểm tra giấy tờ không tốt,0
THỜI GIAN ĐẸP..,1
Có kiểu chấm điểm tiêu cực trong bài thi là tốt nhưng thời gian không đủ để làm hết tất cả các câu hỏi.,0
 MẪU MẪU LÀ TỐT VÀ PHÂN PHỐI DẤU HIỆU CŨNG TỐT VÀ KIỂM TRA GIẤY RẤT CỨNG,1
Hình thức thi tốt và cách phân bổ điểm cũng tốt nhưng việc kiểm tra giấy quá khó,0
 Tất cả đều tốt,1
Hình thức thi tốt. Nhưng thời gian không đủ cho những câu hỏi đó.,0
Mô hình MCQ là cách khá hay và hiệu quả để phát triển học sinh.,1
KIỂM TRA GIẤY RẤT CỨNG CÒN LẠI LÀ TỐT,0
"không đạt yêu cầu, công việc trong phòng thí nghiệm phải bao gồm các công nghệ mới nhất",-1
 Tốt,1
 Công việc trong phòng thí nghiệm được giảng viên thực hiện đúng cách trong phòng thí nghiệm và các đánh giá giúp tìm hiểu thêm kiến thức thực tế chuyên sâu.,1
Tốt,1
công việc thực tế cung cấp kiến thức chi tiết về công việc lý thuyết,1
Đúng,1
Tốt,1
Mọi thứ đang diễn ra tốt đẹp trong phòng thí nghiệm. Học những thứ mới. Điều đó tốt cho chúng tôi,1
Tốt,1
Tốt,1
Phòng thí nghiệm và thực tế không đạt yêu cầu. Chủ đề được thực hành gần như đã được thực hiện trong Btech.,-1
Không đạt mục tiêu,-1
phòng thí nghiệm nâng cao kiến thức thực tế,-1
Đôi khi hệ thống tại các phòng thí nghiệm bị trục trặc. Nếu không thì mọi thứ đều được đặt ở bàn làm việc được tôn trọng của họ.,0
Tốt,1
Tốt,1
Công việc thực tế là công bằng,1
Tốt,1
Học tập thực tế và dễ dàng,1
"Việc đánh giá lại một lần nữa không tốt đối với CA của chúng tôi, vì một trong những giảng viên của chúng tôi thực sự kỳ lạ. Anh ấy đưa ra nhận xét cho chúng tôi dựa trên cách chúng tôi trình bày mọi thứ trước nó, anh ấy không bao giờ tìm kiếm nội dung câu trả lời của chúng tôi, điều này thực sự gây khó chịu. Như anh ấy mong đợi chúng tôi đưa ra câu trả lời theo cách anh ấy muốn chúng tôi làm. Nhưng làm sao một người có thể làm được điều đó, vì mỗi người có tâm lý khác nhau và họ tự giải thích theo cách khác nhau, vì vậy giáo viên phải hiểu phẩm chất đó của một đứa trẻ và nên cho điểm dựa trên những gì trẻ nói chứ không phải những gì trẻ nên nói. .",-1
Tốt.,1
Tốt,1
Tốt,1
 cơ sở hạ tầng tốt và có phần mềm theo xu hướng trong phòng thí nghiệm,1
Tốt,1
Trung bình,0
 3 tiếng thực hành dài quá. Chắc chỉ có 2 tiếng thôi,-1
Tốt,1
Ừ ừ,1
thời gian thực hành phải là 2 giờ,-1
Tốt Cũng phụ thuộc vào kiến thức của giáo viên và sự quan tâm của học sinh,1
Tất cả đều tốt,1
 Trung bình,0
Quá nhiều tệp lanlb hoạt động,-1
Phương pháp đánh giá là gud. Nhưng nội dung thì ghi vào tập tin nhiều hơn,0
xuất sắc,1
nó tốt,1
Tôi nghĩ thực hành điện trị liệu nên kéo dài 2 giờ. Tôi nghĩ thế là đủ. Nghỉ ngơi là được.,0
xuất sắc,1
Thời gian thí nghiệm 3 giờ là rất dài.,-1
Trung bình,0
Tốt,1
Tốt,1
nó tốt,1
nó tốt,1
đánh giá trong phòng thí nghiệm là khá tốt. Họ giúp chúng tôi rất nhiều.,1
có tài liệu tốt trong phòng thí nghiệm.,1
quá nhiều tốt,1
Tốt,1
trung bình,0
thật khó để hiểu thí nghiệm trong 1 giờ,-1
Tốt,1
Tốt,1
Tốt,1
công việc trong phòng thí nghiệm cũng tốt,1
công việc trong phòng thí nghiệm khá tốt,1
hoạt động lab tốt nhưng chưa đạt yêu cầu trong việc giải thích quan điểm.,0
giúp cải thiện kỹ năng,1
công việc trong phòng thí nghiệm là tốt đẹp.,1
các công việc thực hành bao gồm cả đánh giá đều tốt để học sinh có thể tìm hiểu về thực tiễn.,1
phòng thí nghiệm cung cấp cho chúng tôi kiến thức tốt về thực tiễn.,1
Tốt,1
công việc thực tế ở một số phòng thí nghiệm không đạt yêu cầu,-1
phòng thí nghiệm tốt nhưng thí nghiệm không có nhiều thông tin,0
các phòng thí nghiệm không được xây dựng trên thực tế,-1
Tốt,1
công việc thực tế là tốt,1
Tốt,1
siêu,1
Đây là trường tốt nhất ở trường đại học của chúng tôi vì không có trường đại học nào khác coi trọng công việc thực tế.,1
"Đôi khi phòng thí nghiệm hoạt động không tốt, kiến thức thực tế của một số giáo viên kém hơn, mặt khác đánh giá không tốt lắm",-1
Tốt,1
thỏa đáng,1
rất kém. không có thiết bị ở đó,-1
nghèo,-1
rất kém. không có thiết bị ở đó,-1
thực hành và đánh giá trong phòng thí nghiệm dưới mức trung bình và cần nhiều thay đổi và cải tiến,-1
công việc thực hành trong phòng thí nghiệm có thể được cải thiện hơn nữa để có thể đáp ứng các tiêu chuẩn công nghiệp,-1
công việc tuyệt vời,1
Tốt,1
Tốt,1
Tốt,1
rất tốt,1
thật khó để tìm thấy một máy tính làm việc trong phòng thí nghiệm. Học sinh không thể lưu dữ liệu trong một PC duy nhất,-1
Tốt,1
"Không tốt, vì trong phòng thí nghiệm, giáo viên không dạy chúng tôi cách làm việc trên các dự án trực tiếp hoặc cách thực hiện một dự án trực tiếp. Vì vậy, tôi nhận thấy rằng bất cứ điều gì giáo viên dạy chúng ta trong phòng thí nghiệm sẽ không hữu ích cho cuộc sống tương lai của chúng ta.",-1
không tốt..thời gian dành cho phòng thí nghiệm là quá nhiều và giáo trình cũng quá rộng. Chúng tôi không nhận được bản sửa đổi phù hợp,-1
Tốt,1
Tốt,1
Tốt,1
Tốt,1
Tốt,1
thỏa đáng.,1
tôi ghét nó,-1
rất tốt,1
 Công việc thực tế thú vị nhưng các giáo viên khác nhau đánh giá theo cách riêng của họ. Một số giáo viên ở một số phần cho điểm mà không cần thi viva và một số không cho điểm tương ứng.,-1
Tốt,1
Tốt,1
Tốt,1
Tốt,1
Tốt,1
Tốt,1
"theo đánh giá của phòng thí nghiệm, chúng tôi hài lòng với nó",1
Tốt,1
phòng thí nghiệm và công việc thực tế đều tốt,1
Tốt,1
không tốt lắm ... phải được cải thiện.,-1
Tốt,1
rất tốt,1
xấu,-1
Tốt,1
Tốt,1
"Với sự trợ giúp của các bài thực hành, học sinh có thể hiểu được tất cả các khái niệm. Điều đó cũng tốt.",1
TỐT,1
rất tốt,1
Tốt,1
LAB RẤT TỐT,1
Tốt,1
không tốt...... phải cải thiện,-1
Đánh giá trong phòng thí nghiệm là tốt.,1
nó tốt nhưng nó có thể được cải thiện,0
 hầu hết giáo viên thậm chí không bận tâm đến phần thực hành của học sinh. Họ cho điểm chỉ bằng cách nhìn mặt hoặc những thứ tương tự.,-1
 tốt nhưng điểm không được cho đúng,-1
Tốt,1
Xuất sắc,1
 thực hành tốt nhưng đánh giá thì không vì họ không dành đủ thời gian để làm việc,0
Chúng được tiến hành theo cách thích hợp.,1
Giáo viên có nhiệm vụ cho học sinh biết cách sử dụng thực tế của các dụng cụ được sử dụng trong phòng thí nghiệm.,0
xuất sắc ...họ làm việc chăm chỉ..cách giảng dạy của họ cũng khá tốt,1
"trung bình 3,5/5",0
Tốt,1
" Trong phòng thí nghiệm, giảng viên phải tương tác với từng sinh viên để nâng cao kiến thức, bằng mọi cách trước khi giao bài phải giải thích về thí nghiệm một lần để chúng ta biết cách thực hiện và đề phòng khi làm. ......",0
Tốt,1
Được rồi,1
tốt rồi.,1
Tốt,1
Cần có thêm nhiều phòng thí nghiệm/phòng thực hành để nâng cao kiến thức thực tế.,-1
 Ở đây chúng tôi có thể tự mình làm mọi việc với sự hỗ trợ quý báu của bạn,1
khá tốt,1
Rất tốt,1
Tốt,1
Tốt,1
Phòng thí nghiệm không có đủ trang thiết bị thí nghiệm và các thiết bị sẵn có cũng không hoàn hảo.,-1
Tốt,1
Tốt,1
Tốt,1
siêu,1
Nghiên cứu trong phòng thí nghiệm thì tốt nhưng các dụng cụ trong phòng thí nghiệm không hoạt động bình thường,0
rất tệ,1
Tốt,1
Tốt,1
"phòng thí nghiệm rất thú vị, thật hữu ích khi biết kiến thức",1
"Theo tôi, sinh viên làm bài thí nghiệm chỉ để lấy điểm.",-1
công việc thực hành trong phòng thí nghiệm giúp chúng ta học mọi thứ một cách đúng đắn và việc đánh giá cũng rất cần thiết vì nó giúp chúng ta ghi nhớ các khái niệm,1
Tốt,1
Công việc trong phòng thí nghiệm hoặc thực tế là xuất sắc và bao gồm cả các đánh giá.,1
Tốt,1
phòng thí nghiệm rất hữu ích,1
trong phòng thí nghiệm họ cũng đang thể hiện sự ngang hàng,-1
Tốt,1
Đánh giá trong phòng thí nghiệm rất nghiêm ngặt,-1
Tốt,1
 việc đánh giá trong phòng thí nghiệm rất nghiêm ngặt,-1
phòng thí nghiệm n thực hành là tốt.,1
thực tế khá tốt.,1
Tốt,1
 Có những đánh giá tốt trong phòng thí nghiệm về thực hành,1
Rất tốt,1
Nó tốt,1
phòng thí nghiệm và các công việc thực tế đều tốt..với một chút hạn chế của giảng viên trong việc kết nối phòng thí nghiệm thực tế với thế giới bên ngoài..,0
Tôi thích nó rất nhiều,1
" Phòng thí nghiệm rất tốt, Giáo sư giải thích mọi thứ trước khi phòng thí nghiệm bắt đầu và Trợ lý Phòng thí nghiệm sẽ giúp chúng tôi trong quá trình thí nghiệm",1
họ đánh giá điểm một cách rất nghiêm ngặt,-1
Đủ tốt,1
rất tốt,1
tốt..đủ rồi,1
phòng thí nghiệm rất thú vị và hữu ích để cung cấp kiến thức,1
KHÔNG TỐT ...,-1
Phòng thí nghiệm giúp biết công việc được thực hiện như thế nào. Nó nghĩ cho tôi một bài học hay.,1
NÓ TỐT,1
tất cả các phòng thí nghiệm và thực tế đang diễn ra tốt đẹp,1
không tệ,1
Các phòng thí nghiệm đã đạt đến mức tối đa.,1
 Phòng thí nghiệm của chúng tôi không có tất cả các cơ sở.,-1
MỌI CÔNG VIỆC THỰC HÀNH LÀ TỐT,1
Cơ sở thư viện tốt nhưng số lượng sách ít,0
 Không tốt,-1
Cơ sở vật chất của thư viện rất tuyệt vời về mặt kỹ thuật tốt được sử dụng ở đó.,1
"Đó là điều tuyệt vời nhất tôi từng thấy ở trường đại học này, mặc dù cách cư xử của nhân viên thư viện đôi khi thiếu chuyên nghiệp. Họ thô lỗ một cách kỳ quái.",0
thư viện có bộ sưu tập sách khổng lồ của các tác giả khác nhau,1
Đúng,1
Làm việc chăm chỉ,1
 Tôi hài lòng với cơ sở vật chất nhưng ít sách bị hạn chế về phân phối cơ sở dữ liệu,0
Nó yêu cầu một số quy tắc tự do,-1
Nó yêu cầu một số quy tắc tự do,-1
Tốt,1
Tốt,1
cơ sở thư viện tốt,1
 Cơ sở thư viện rất tốt. Không vấn đề,1
Làm việc chăm chỉ,1
Tốt,1
Xuất sắc,1
Tốt,1
Tốt,1
"Một lần nữa, một số khoa không biết cách cư xử, nếu không thì tốt.",0
Hạ xuống.,1
Tốt,1
Tốt,1
thư viện được quản lý rất tốt và cung cấp các tiện ích cần thiết cho chúng tôi,1
Nó yêu cầu một số quy tắc tự do,-1
Họ đang làm việc ở đó rất tốt,1
Vâng... tất cả các cuốn sách không có sẵn. Nếu ở thư viện thì số lượng sách ít và sức học của học sinh nhiều.,-1
Tốt,1
tất cả các cuốn sách không có sẵn,-1
hệ thống trong thư viện thường không hoạt động. vì vậy nó tạo ra một vấn đề cho chúng tôi khi phát hành cuốn sách,-1
Đôi khi chỉ có sách cho một số môn học và được bảo lưu,-1
Nó rất hữu ích,1
"Không khí tuyệt vời, yên bình, thư giãn",1
Tất cả các cuốn sách không có sẵn,-1
Tôi nghĩ số lượng sách theo học sinh là rất ít. Chỉ có 2-3 cuốn.,-1
Tốt,1
Tốt đấy,1
 Tôi nghĩ lượng hàng tồn kho không đủ nên cần thêm sách.,-1
Tốt,1
 rất hợp tác,1
Đẹp,1
Tốt,1
Đạt yêu cầu,1
 Khỏe,1
Khỏe,1
cơ sở thư viện được cung cấp là tuyệt vời,1
cơ sở vật chất tốt,1
trung bình,0
tốt hơn,1
xuất sắc,1
Tốt,1
Tốt,1
một số cuốn sách không có sẵn Vì vậy vui lòng cung cấp,-1
ở đó đang làm công việc tốt,1
tất cả đều chăm chỉ và đúng giờ,1
Xuất sắc,1
thư viện thật tuyệt vời và phong phú,1
họ tốt,1
cơ sở thư viện tốt,1
Cơ sở thư viện rất tốt cho sinh viên.,1
cơ sở thư viện rất tốt. Phải tăng thời gian phát hành sách,1
Tốt,1
cần cung cấp thêm sách và tăng thời gian phát hành,-1
cơ sở thư viện rất tốt. Phải tăng thời gian phát hành sách,1
chưa bao giờ đến đó,0
họ tốt,1
thời gian phát hành sách nên tăng thêm 2 tuần,-1
Tốt,1
xuất sắc,1
"Thực sự thư viện của chúng tôi cung cấp cơ sở vật chất rất tốt cho học sinh và giáo viên nhưng hệ thống tốt chưa tốt, nó đã trực tiếp tăng lên tới 10. Đây không phải là một điều tốt.",0
Thiết kế tốt và phù hợp của nó,1
Tốt,1
Xuất sắc,1
Tốt,1
trung bình,0
trung bình,1
thư viện chứa tất cả các cuốn sách liên quan đến các khóa học và các tài liệu khác và nhân viên thư viện rất hợp tác,1
tất cả các cuốn sách đều có sẵn và có thể truy cập dễ dàng và giới hạn số lượng sách được phát hành cần phải được tăng lên,1
Tất cả đều tốt,1
Tốt,1
cơ sở thư viện là tốt. Mỗi cuốn sách đều có sẵn trong thư viện,1
Tốt,1
cơ sở thư viện rất tốt. Phải tăng thời gian phát hành sách,1
"Theo thư viện, rất ít sách không có và trong thư viện máy tính hầu như không có 5 PC hoạt động.",-1
Tốt,1
Xuất sắc,1
sách ít hơn,-1
Tốt,1
Xuất sắc,1
xuất sắc,1
Tốt,1
Tốt,1
Tốt.,1
tôi thích nó,1
 tôi nghĩ thư viện chỉ dành cho người ở trọ,-1
Năng lực của thư viện còn ít so với quy mô của trường đại học.,-1
thư viện đã cung cấp cơ sở vật chất tuyệt vời,1
Nó sẽ cung cấp cho chúng ta nhiều cuốn sách khác nhau để nâng cao kiến thức hoặc hiểu khái niệm này vì nó tốt,1
Tốt,1
Tốt,1
Tốt,1
Tốt,1
thời gian cấp sách từ thư viện nên thay đổi từ 1 tuần thành 2 tuần sẽ rất tuyệt.,-1
"Hoàn toàn ổn, tất cả các cuốn sách đều ở đó nhưng vấn đề là thời gian rất ngắn nên chúng tôi phải trả lại cuốn sách mà chúng tôi đã phát hành rất nhanh",-1
 tôi không nghĩ về,0
rất tốt,1
rất tốt.,1
Tốt,1
rất tốt,1
Tốt,1
Tốt,1
Tốt,1
Thật xuất sắc.,1
TỐT,1
 Tốt,1
Cơ sở thư viện cần được cải thiện bằng cách mang thêm một số sách,-1
TUYỆT VỜI,1
xuất sắc,1
 Tốt,1
Cơ sở thư viện là thế mạnh của trường đại học này. Nó thật tuyệt vời.,1
Tốt,1
 Hầu hết mọi cuốn sách đều có. Nhưng thời hạn lưu giữ cuốn sách quá ngắn.,0
"lãng phí, thư viện không phải là nơi tốt để học",-1
Tốt,1
Tốt,1
Nó tốt nhưng chúng tôi không tìm thấy sách vì số lượng sách của chúng ít hơn nhiều,0
hoàn hảo,1
Họ tốt.,1
xuất sắc,1
nó rất hay và thời gian của thư viện rất tốt 5/5,1
xuất sắc,1
"tốt nhưng cần có nhiều sách về các chủ đề chung về xã hội, chính trị, gk,... ngoài những chủ đề liên quan để chúng ta có được một số kiến thức về các vấn đề liên quan đến đất nước............. ...",0
Tốt,1
Tốt,1
"Sách đông hơn rất nhiều so với số lượng sinh viên, đây là vấn đề duy nhất với thư viện.",0
Tốt,1
 Không đủ sách,-1
"Tôi không còn lời nào để nói về cơ sở vật chất thư viện của chúng tôi,,,,,,, ĐƠN GIẢN TUYỆT VỜI",1
tốt nhưng thời gian phải là 24 giờ,0
không đủ sách,-1
" Cơ sở thư viện rất tốt nhưng có vấn đề về sưu tập sách, Sách có sẵn rất ít cho một số môn học",0
Tốt,1
đủ tốt.,1
Tốt,1
xử lý thô bạo,-1
sách không có sẵn,-1
cơ sở thư viện là tuyệt vời,1
Xử lý rất thô bạo,-1
Tốt,1
cơ sở vật chất thư viện tốt,1
vâng khá tốt nhưng ... một số cuốn sách không có sẵn,0
cơ sở thư viện tốt,1
Tốt,1
cơ sở thư viện tốt,1
siêu,1
"Cơ sở vật chất của thư viện tốt, ở đó có sự im lặng và tạo môi trường học tập tốt nhưng đôi khi nó rất nghiêm ngặt, theo tôi thì không bắt buộc.",1
không chắc chắn,0
Tôi thích đọc sách ở Thư viện,1
tôi cảm thấy tốt hơn vì không có vấn đề gì với cơ sở vật chất của thư viện,1
Trung bình,0
Xuất sắc nhưng đôi khi thiếu sách nhất là trong thời gian thi,0
libary đang mang lại cho chúng tôi rất nhiều nhưng chúng tôi không nhận được nó,0
xuất sắc,1
"Tôi chưa bao giờ đến thư viện ở lpu.so, tôi không biết về điều đó.",0
Tôi không biết vì đến tận bây giờ tôi mới đến thư viện.,0
cơ sở vật chất tốt để đáp ứng nhu cầu của một người,1
Tốt,1
Sách giáo khoa bắt buộc không có sẵn cho mọi học sinh,-1
nó tốt,1
cơ sở vật chất thư viện rất tuyệt vời...nhưng chỉ có số lượng sách hạn chế ..vì vậy số lượng sách cần được tăng lên.,0
 Tốt,1
Thư viện không đủ số lượng sách cho học sinh,-1
rất tốt ở đó chúng ta có thể tìm thấy một số sách giáo khoa và chúng ta cũng có thể tìm thấy một số sách tham khảo...,1
 Thư viện rất rộng lớn và có nhiều loại sách Nhưng tôi nghĩ nên cung cấp nhiều bản sao mẫu hơn,0
Tốt,1
 khỏe,1
Tốt,1
RẤT TUYỆT VỜI.... NHƯNG SÁCH KHÔNG CÓ SẴN MỌI LÚC NÀO,0
Họ tốt.,1
NÓ CŨNG TỐT,1
 Tốt,1
Cơ sở vật chất của thư viện không tốt. Họ không tuân thủ nội quy (họ sử dụng điện thoại trong thư viện).,-1
Họ tốt,1
Chúng tôi có một thư viện tốt với tất cả các cơ sở.,1
 HỌ KHÔNG CÓ VẤN ĐỀ VỚI HỌ,-1
các hoạt động ngoại khóa rất xuất sắc và cung cấp nền tảng tốt nhất cho sinh viên.,1
 Tốt,1
Các hoạt động ngoại khóa cũng giúp học sinh chuyển hướng tâm trí khỏi việc học trong một thời gian. Trường đại học đóng vai trò quan trọng trong nhiệm vụ này.,1
"Hoàn toàn lãng phí thời gian. Một lần nữa, ý kiến này hoàn toàn mang tính cá nhân và có thể không trùng khớp với những ý kiến khác.",-1
hoạt động ngoại khóa làm tăng khả năng tinh thần và thể chất,1
Đúng,1
Không có lượt xem,0
 Không có ý tưởng về các hoạt động ngoại khóa.,0
"Tốt, nó cung cấp một nền tảng tuyệt vời",1
"Tốt, nó cung cấp một nền tảng tuyệt vời",1
"Khi đến với các hoạt động ngoại khóa, nó tốt hơn bất kỳ trường đại học nào khác mà tôi đã từng đến.",1
Tuyệt vời,1
Được rồi,1
 Trường đại học này đứng đầu về các hoạt động ngoại khóa và khuyến khích sinh viên tham gia với mức độ thoải mái.,1
Tốt,1
Tốt,1
Bạn đã làm rất tốt,1
xuất sắc,1
Nó mang lại nhiều cơ hội và sự tiếp xúc,1
Đây thực sự là một điều tốt khi các sự kiện diễn ra thường xuyên ở trường đại học của chúng ta nhưng chúng phải được thông báo sớm để mọi sinh viên chuẩn bị tham gia vì đôi khi chúng ta mới biết về hầu hết các sự kiện khi chúng đã được tiến hành. Vì thế thông báo phải có ở đó.,0
Tốt.,1
Tốt,1
Tốt,1
các hoạt động ngoại khóa được tổ chức ở trường đại học là cần thiết vì nó cung cấp cho sinh viên một nền tảng để họ có thể cải thiện và rèn luyện mình.,1
"Tốt, nó cung cấp một nền tảng tuyệt vời",1
Tốt,1
Họ thực sự rất thú vị. Tất cả học sinh đều thích thú và có cơ hội thể hiện tài năng,1
Tốt,1
Tuyệt vời,1
 nó tốt cho việc giải khát,1
"Điều đáng mừng là những học sinh quan tâm đến các hoạt động ngoại khóa, có được nền tảng tốt",1
Tất cả đều tốt,1
Tốt nhưng thiếu khán giả.....vì chỉ những người tham gia mới có thể xem các hoạt động này khi nghỉ phép,0
Hoàn hảo,1
Mọi hoạt động đều vui vẻ và phù hợp với học sinh,1
rất tốt,1
"Điều đó tốt nhưng vấn đề là bất cứ khi nào ở trường đại học có các chức năng như một Ấn Độ, một thế giới được tổ chức, chúng tôi không được phép tham gia vì chúng tôi phải tham gia các lớp học và nếu chúng tôi bỏ lỡ các lớp học, chúng tôi sẽ mất việc tham dự và mọi người đều biết việc tham dự lpu là rất quan trọng. Cảm ơn",0
 Nên cho cơ hội đi và tận hưởng. Tôi nghĩ nên dừng lại khi có bất kỳ hoạt động nào như One India ở đó để đi và tận hưởng. Nếu không thì mọi thứ đều tốt.,-1
rất tốt,1
nên tổ chức các hoạt động ngoại khóa khi không có lớp cho học sinh tham gia để mọi học sinh đều có thể vui vẻ và tham gia các sự kiện,-1
Tốt,1
Tốt,1
Tốt,1
Tốt,1
Tốt,1
chúng thật tuyệt vời và giúp tăng cường sức chịu đựng của chúng ta.,1
tăng sự tự tin,1
trung bình,0
tốt nhất,1
Tốt,1
Tốt,1
Tốt,1
Được rồi,1
Tốt,1
trung bình,0
hoạt động ngoại khóa tốt.,1
"thì tốt, nhưng giáo viên không xem xét những cái mới.",0
nó tốt,1
các hoạt động ngoại khóa được tổ chức ở trường đại học là tốt.,1
"siêu, các hoạt động ngoại khóa được tổ chức ở trường đại học. Để học sinh đó có thể thể hiện sự nỗ lực trong các lĩnh vực khác.",1
số lượng hoạt động ngoại khóa tốt và phong phú diễn ra,1
Tốt,1
họ tốt nhưng họ nên tiếp xúc với nhiều học sinh hơn và không giống nhau.,0
xuất sắc,1
Tôi không tham gia,0
Tôi không tham gia,0
tất cả đều đủ,1
mọi hoạt động đều tốt,1
Tốt,1
Hơn cả tốt nhất,1
Điểm tối đa của nó và được tổ chức rất hiệu quả trong trường đại học của chúng tôi,1
Tốt,1
cung cấp nền tảng tốt cho sinh viên quan tâm,1
miễn bình luận. Vì khi tham gia bạn sẽ bị xuất hiện lại hoặc tồn đọng và không có thời gian luyện thi,-1
các hoạt động rất hay nhưng không có thời gian cho học sinh tham gia nên không có ích gì,-1
trung bình,0
rất nhiều hoạt động và học sinh được tiếp xúc với các trò chơi.,1
có quá nhiều hoạt động được tiến hành và học sinh có nhiều cơ hội tham gia,1
họ đang diễn ra rất xuất sắc,1
Tốt,1
Tốt,1
Tốt,1
xuất sắc,1
không quan tâm nhiều,0
rất tốt,1
Xuất sắc,1
vì có nhiều bài giảng..chúng tôi không có thời gian để tham gia..,-1
Tốt,1
Trung bình,0
Tốt,1
Tốt,1
Tốt,1
Tốt.,1
rất tốt,1
 tôi cũng muốn tham gia vào các hoạt động đó nhưng tôi không thể tham gia vào các hoạt động đó vì tôi là học sinh ban ngày,-1
Các hoạt động ngoại khóa rất tốt và cung cấp một nền tảng tốt.,1
Tốt,1
 Nó tốt,1
Tốt,1
Tốt,1
Tốt,1
Xuất sắc,1
thật tuyệt,1
tốt nhất,1
hahahah,0
"rất tốt, đó là cơ hội tốt cho nhiều sinh viên",1
có rất nhiều cơ hội cho sinh viên.. tất cả phụ thuộc vào sinh viên về cách họ sử dụng chúng.,1
xuất sắc,1
xuất sắc,1
Tốt,1
 Tốt,1
trung bình,0
Thật xuất sắc.,1
Nghèo,0
 một số trường đại học không tổ chức bất kỳ hoạt động ngoại khóa nào nhưng trường đại học của chúng tôi thực hiện những hoạt động này là điều tốt cho đặc điểm của chúng tôi,1
Tốt,1
NÓ RẤT HỮU ÍCH VÀ CHÚNG TA CÓ THỂ THAM GIA VÌ LỢI ÍCH CỦA MÌNH,1
rất tốt,1
xuất sắc,1
"Khá nhiều sự kiện được tổ chức và học sinh có sự phát triển toàn diện, đó là một điều tốt.",1
rất tốt,1
Các hoạt động không đạt được mục đích như quảng cáo.,-1
rất tốt,1
 Tốt,1
 Xuất sắc,1
Tốt nhưng chúng tôi không có đủ thời gian để tham gia các hoạt động đó,0
không thiên vị,1
LPU tạo cơ hội tốt nhất cho sinh viên thể hiện tài năng của mình.,1
những điều này rất hữu ích cho sinh viên. Tuyệt vời,1
"có rất nhiều hoạt động ngoại khóa được tổ chức ở trường đại học nhưng rất nhiều trong số đó chúng tôi không biết đến, vấn đề là không có quảng cáo nào được xem cho chúng tôi, xếp hạng của tôi là 3/5",0
những thứ này rất hữu ích cho học sinh trong hoạt động thể chất và nâng cao kiến thức,1
Tốt,1
 Đôi khi gánh nặng học tập đến mức chúng tôi không thể tham gia vào các hoạt động này ...nên có một hoạt động bắt buộc đối với mỗi học sinh như tất cả các khóa học khác,-1
xuất sắc,1
nó giúp xây dựng danh tiếng của trường đại học.,1
Tốt,1
Nó khá tuyệt vời và độc đáo.,1
ĐẶC BIỆT,1
họ tốt,1
nó khá tuyệt vời và độc đáo,1
Rất tốt,1
Tốt,1
"nó thực sự tuyệt vời, đặc biệt và tuyệt vời nhưng không có thời gian để tham dự",1
Tốt,1
Tốt,1
Tốt,1
Đẹp,1
Tốt,1
điều đó chỉ tốt ở trường đại học này,1
Tốt,1
"xuất sắc..... bạn là người giỏi nhất trong việc cung cấp cơ sở vật chất, v.v.. cho các hoạt động ngoại khóa",1
hoạt động ngoại khóa cũng tốt,1
xuất sắc,1
trường đại học cung cấp rất nhiều hoạt động xuất sắc vì sinh viên có thể khám phá bản thân,1
siêu,1
Hoạt động ngoại khóa rất tốt. Nó giúp mọi người biết tài năng của họ và xây dựng kỹ năng của họ.,1
Tốt,1
 Tôi thực sự đang tận hưởng,1
tôi cảm thấy hạnh phúc vì nó khuyến khích tài năng của chúng tôi,1
Xuất sắc,1
Nổi bật,1
tốt hơn,1
xuất sắc đơn giản là tuyệt vời,1
"Trước khi đến lpu, tôi nghĩ thể thao rất tốt và đáng khích lệ. Nhưng, có rất nhiều chính trị trong thể thao, đặc biệt là môn cricket.",-1
không phải ai cũng có được cơ hội ở đây mà chỉ có sinh viên được khuyến khích mới nhận được.,-1
"Đối với tôi, nó có vẻ rất tốt vì nó là một nguồn tương tác tốt với người khác và xây dựng phẩm chất lãnh đạo cũng như khắc phục lỗi lầm của chúng ta.",1
Họ rất thể thao,1
Một trong những điều tốt nhất tôi thích ở trường đại học này. Tốt nhất trong tất cả.,1
Họ thật phi thường,1
ngoại khóa hay quá. trường đại học đang cung cấp nhiều con đường cho nhiều sinh viên....ngoài giáo dục,1
Tốt,1
"tốt, chúng là kiến thức và giúp chúng tôi tương tác với các sinh viên khác",1
 ở trường đại học này có rất nhiều sự kiện và nhiều hoạt động ngoại khóa....,1
Xuất sắc,1
Tốt nhất,1
Tốt..,1
xuất sắc,1
RẤT CAO......CẦN GIẢM BỎ MỘT SỐ HOẠT ĐỘNG ...................Ô NHIỄM TIẾNG ỒN TRONG ĐẠI HỌC LUÔN LÀ VẤN ĐỀ LỚN.,-1
Đúng.,1
RẤT TỐT,1
tất cả đều được giữ trong siêu,1
Tốt,1
các hoạt động ngoại khóa được tổ chức ở trường đại học rất thú vị và tốt,1
Trường đại học của chúng tôi có rất nhiều hoạt động ngoại khóa đang diễn ra và nó giúp ích cho chúng tôi rất nhiều.,1
ĐÓ LÀ ĐIỀU TỐT NHẤT Ở TRƯỜNG ĐẠI HỌC NÀY TÔI THÍCH NÓ,1
